site_id,device_id,tag,timestamp,value,quality,sequence
REPLACE_WITH_BOOTSTRAP_SITE,CUSTOMER_INV_001,PAC,2026-10-05T15:00:00Z,842.5,GOOD,1
REPLACE_WITH_BOOTSTRAP_SITE,CUSTOMER_INV_001,PAC_EXPECTED,2026-10-05T15:00:00Z,880.0,GOOD,2
REPLACE_WITH_BOOTSTRAP_SITE,CUSTOMER_INV_001,TEMP_INV,2026-10-05T15:00:00Z,47.2,GOOD,3
REPLACE_WITH_BOOTSTRAP_SITE,CUSTOMER_INV_001,EFF,2026-10-05T15:00:00Z,97.8,GOOD,4
REPLACE_WITH_BOOTSTRAP_SITE,CUSTOMER_INV_001,PAC,2026-10-05T15:05:00Z,851.1,GOOD,5
REPLACE_WITH_BOOTSTRAP_SITE,CUSTOMER_INV_001,PAC_EXPECTED,2026-10-05T15:05:00Z,889.0,GOOD,6
REPLACE_WITH_BOOTSTRAP_SITE,CUSTOMER_INV_001,TEMP_INV,2026-10-05T15:05:00Z,48.0,GOOD,7
REPLACE_WITH_BOOTSTRAP_SITE,CUSTOMER_INV_001,EFF,2026-10-05T15:05:00Z,97.6,GOOD,8
REPLACE_WITH_BOOTSTRAP_SITE,CUSTOMER_INV_001,PAC,2026-10-05T15:10:00Z,860.4,GOOD,9
REPLACE_WITH_BOOTSTRAP_SITE,CUSTOMER_INV_001,PAC_EXPECTED,2026-10-05T15:10:00Z,895.0,GOOD,10
REPLACE_WITH_BOOTSTRAP_SITE,CUSTOMER_INV_001,TEMP_INV,2026-10-05T15:10:00Z,49.1,GOOD,11
REPLACE_WITH_BOOTSTRAP_SITE,CUSTOMER_INV_001,EFF,2026-10-05T15:10:00Z,97.4,GOOD,12
REPLACE_WITH_BOOTSTRAP_SITE,CUSTOMER_INV_001,PAC,2026-10-05T15:00:00Z,842.5,GOOD,1
REPLACE_WITH_BOOTSTRAP_SITE,CUSTOMER_INV_001,UNMAPPED_TEST_TAG,2026-10-05T15:15:00Z,100.0,GOOD,13
